code,name,manager,category,mgmt_fee,underlying_fees,transaction_costs,as_of,source
BTA047,Betashares Dynamic All Growth ETF Managed Portfolio,Betashares,Multi Sector - High Growth,tiered,0.00178,0.00033,2026-09-03,https://my.hub24.com.au/Hub24/public/documents/documents?id=HUB24_SUPER_20231110_DISC+InvMenu
BTA041,Betashares Dynamic Balanced Portfolio,Betashares,Multi Sector - Balanced,tiered,0.00182,0.0005099999999999999,2026-09-03,https://my.hub24.com.au/Hub24/public/documents/documents?id=HUB24_SUPER_20231110_DISC+InvMenu
BTA042,Betashares Dynamic Growth Portfolio,Betashares,Multi Sector - Growth,tiered,0.00172,0.00065,2026-09-03,https://my.hub24.com.au/Hub24/public/documents/documents?id=HUB24_SUPER_20231110_DISC+InvMenu
BTA043,Betashares Dynamic High Growth Portfolio,Betashares,Multi Sector - High Growth,tiered,0.00155,0.00075,2026-09-03,https://my.hub24.com.au/Hub24/public/documents/documents?id=HUB24_SUPER_20231110_DISC+InvMenu
BTA040,Betashares Dynamic Moderate Portfolio,Betashares,Multi Sector - Moderately Conservative,tiered,0.00191,0.00041,2026-09-03,https://my.hub24.com.au/Hub24/public/documents/documents?id=HUB24_SUPER_20231110_DISC+InvMenu
BTA045,Betashares Ethical Diversified Balanced Portfolio,Betashares,Multi Sector - Balanced,tiered,0.00462,0.00017999999999999998,2026-09-03,https://my.hub24.com.au/Hub24/public/documents/documents?id=HUB24_SUPER_20231110_DISC+InvMenu
BTA046,Betashares Ethical Diversified High Growth Portfolio,Betashares,Multi Sector - High Growth,tiered,0.0054,0.00021999999999999998,2026-09-03,https://my.hub24.com.au/Hub24/public/documents/documents?id=HUB24_SUPER_20231110_DISC+InvMenu
BTA044,Betashares Ethical Growth Portfolio,Betashares,Multi Sector - Growth,tiered,0.00508,0.00082,2026-09-03,https://my.hub24.com.au/Hub24/public/documents/documents?id=HUB24_SUPER_20231110_DISC+InvMenu
BLK044,BlackRock Active Multi-Asset Aggressive Portfolio,BlackRock,Multi Sector - High Growth,tiered,0.00526,0.0028000000000000004,2026-09-03,https://my.hub24.com.au/Hub24/public/documents/documents?id=HUB24_SUPER_20231110_DISC+InvMenu
BLK042,BlackRock Active Multi-Asset Balanced Portfolio,BlackRock,Multi Sector - Balanced,tiered,0.0045000000000000005,0.0028799999999999997,2026-09-03,https://my.hub24.com.au/Hub24/public/documents/documents?id=HUB24_SUPER_20231110_DISC+InvMenu
BLK043,BlackRock Active Multi-Asset Growth Portfolio,BlackRock,Multi Sector - Growth,tiered,0.005180000000000001,0.00301,2026-09-03,https://my.hub24.com.au/Hub24/public/documents/documents?id=HUB24_SUPER_20231110_DISC+InvMenu
DFA012,Dimensional Core 100/0 Wealth Model Portfolio,Dimensional,Multi Sector - High Growth,tiered,0.0035399999999999997,0.00027,2026-09-03,https://my.hub24.com.au/Hub24/public/documents/documents?id=HUB24_SUPER_20231110_DISC+InvMenu
DFA010,Dimensional Core 50/50 Wealth Model Portfolio,Dimensional,Multi Sector - Balanced,tiered,0.00329,0.00028000000000000003,2026-09-03,https://my.hub24.com.au/Hub24/public/documents/documents?id=HUB24_SUPER_20231110_DISC+InvMenu
DFA011,Dimensional Core 70/30 Wealth Model Portfolio,Dimensional,Multi Sector - Growth,tiered,0.0034599999999999995,0.00031,2026-09-03,https://my.hub24.com.au/Hub24/public/documents/documents?id=HUB24_SUPER_20231110_DISC+InvMenu
ELP020,Elston Discover 50 Portfolio,Elston,Multi Sector - Moderately Conservative,tiered,0.00542,0.00073,2026-09-03,https://my.hub24.com.au/Hub24/public/documents/documents?id=HUB24_SUPER_20231110_DISC+InvMenu
ELP021,Elston Discover 70 Portfolio,Elston,Multi Sector - Balanced,tiered,0.00538,0.0009,2026-09-03,https://my.hub24.com.au/Hub24/public/documents/documents?id=HUB24_SUPER_20231110_DISC+InvMenu
ELP022,Elston Discover 85 Portfolio,Elston,Multi Sector - Growth,tiered,0.0053100000000000005,0.00096,2026-09-03,https://my.hub24.com.au/Hub24/public/documents/documents?id=HUB24_SUPER_20231110_DISC+InvMenu
ELP023,Elston Discover 97 Portfolio,Elston,Multi Sector - High Growth,tiered,0.0051400000000000005,0.00101,2026-09-03,https://my.hub24.com.au/Hub24/public/documents/documents?id=HUB24_SUPER_20231110_DISC+InvMenu
INF051,Infinity Discover Balanced Portfolio,Infinity,Multi Sector - Balanced,tiered,0.00477,0.00115,2026-09-03,https://my.hub24.com.au/Hub24/public/documents/documents?id=HUB24_SUPER_20231110_DISC+InvMenu
INF052,Infinity Discover Growth Portfolio,Infinity,Multi Sector - Growth,tiered,0.005370000000000001,0.00107,2026-09-03,https://my.hub24.com.au/Hub24/public/documents/documents?id=HUB24_SUPER_20231110_DISC+InvMenu
INF053,Infinity Discover High Growth Portfolio,Infinity,Multi Sector - High Growth,tiered,0.005410000000000001,0.00091,2026-09-03,https://my.hub24.com.au/Hub24/public/documents/documents?id=HUB24_SUPER_20231110_DISC+InvMenu
INF050,Infinity Discover Moderate Portfolio,Infinity,Multi Sector - Moderately Conservative,tiered,0.0035499999999999998,0.001,2026-09-03,https://my.hub24.com.au/Hub24/public/documents/documents?id=HUB24_SUPER_20231110_DISC+InvMenu
BLK024,iShares Enhanced Strategic Aggressive Portfolio,iShares,Multi Sector - Growth,tiered,0.00221,0.00127,2026-09-03,https://my.hub24.com.au/Hub24/public/documents/documents?id=HUB24_SUPER_20231110_DISC+InvMenu
BLK025,iShares Enhanced Strategic All Growth Portfolio,iShares,Multi Sector - High Growth,tiered,0.00208,0.0011899999999999999,2026-09-03,https://my.hub24.com.au/Hub24/public/documents/documents?id=HUB24_SUPER_20231110_DISC+InvMenu
BLK022,iShares Enhanced Strategic Balanced Portfolio,iShares,Multi Sector - Balanced,tiered,0.00223,0.0014099999999999998,2026-09-03,https://my.hub24.com.au/Hub24/public/documents/documents?id=HUB24_SUPER_20231110_DISC+InvMenu
BLK040,iShares Enhanced Strategic Conservative Portfolio,iShares,Multi Sector - Conservative,tiered,0.0020499999999999997,0.00041,2026-09-03,https://my.hub24.com.au/Hub24/public/documents/documents?id=HUB24_SUPER_20231110_DISC+InvMenu
BLK023,iShares Enhanced Strategic Growth Portfolio,iShares,Multi Sector - Growth,tiered,0.0022,0.00132,2026-09-03,https://my.hub24.com.au/Hub24/public/documents/documents?id=HUB24_SUPER_20231110_DISC+InvMenu
BLK041,iShares Enhanced Strategic Moderate Portfolio,iShares,Multi Sector - Moderately Conservative,tiered,0.00216,0.00043,2026-09-03,https://my.hub24.com.au/Hub24/public/documents/documents?id=HUB24_SUPER_20231110_DISC+InvMenu
BLK046,iShares ESG Aggressive Model Portfolio,iShares,Multi Sector - High Growth,tiered,0.00133,0.00039,2026-09-03,https://my.hub24.com.au/Hub24/public/documents/documents?id=HUB24_SUPER_20231110_DISC+InvMenu
BLK045,iShares ESG Balanced Model Portfolio,iShares,Multi Sector - Balanced,tiered,0.00167,0.00037,2026-09-03,https://my.hub24.com.au/Hub24/public/documents/documents?id=HUB24_SUPER_20231110_DISC+InvMenu
BLK026,iShares ESG Growth Portfolio,iShares,Multi Sector - Growth,tiered,0.00168,0.00043999999999999996,2026-09-03,https://my.hub24.com.au/Hub24/public/documents/documents?id=HUB24_SUPER_20231110_DISC+InvMenu
LRP020,Lonsec Discover Accumulation - Balanced,Lonsec,Multi Sector - Balanced,tiered,0.00439,0.0009299999999999999,2026-09-03,https://my.hub24.com.au/Hub24/public/documents/documents?id=HUB24_SUPER_20231110_DISC+InvMenu
LRP021,Lonsec Discover Accumulation - Growth,Lonsec,Multi Sector - Growth,tiered,0.00447,0.00092,2026-09-03,https://my.hub24.com.au/Hub24/public/documents/documents?id=HUB24_SUPER_20231110_DISC+InvMenu
LRP022,Lonsec Discover Accumulation - High Growth,Lonsec,Multi Sector - High Growth,tiered,0.00432,0.001,2026-09-03,https://my.hub24.com.au/Hub24/public/documents/documents?id=HUB24_SUPER_20231110_DISC+InvMenu
LRP023,Lonsec Discover Income - Balanced,Lonsec,Multi Sector - Balanced,tiered,0.0046700000000000005,0.00095,2026-09-03,https://my.hub24.com.au/Hub24/public/documents/documents?id=HUB24_SUPER_20231110_DISC+InvMenu
LRP024,Lonsec Discover Sustainable - Balanced,Lonsec,Multi Sector - Balanced,tiered,0.0045000000000000005,0.00045,2026-09-03,https://my.hub24.com.au/Hub24/public/documents/documents?id=HUB24_SUPER_20231110_DISC+InvMenu
MLC021,MLC Value Balanced 70 Portfolio,MLC,Multi Sector - Balanced,tiered,0.00449,0.00035999999999999997,2026-09-03,https://my.hub24.com.au/Hub24/public/documents/documents?id=HUB24_SUPER_20231110_DISC+InvMenu
MLC022,MLC Value Growth 85 Portfolio,MLC,Multi Sector - Growth,tiered,0.0046500000000000005,0.00043,2026-09-03,https://my.hub24.com.au/Hub24/public/documents/documents?id=HUB24_SUPER_20231110_DISC+InvMenu
MLC023,MLC Value High Growth 98 Portfolio,MLC,Multi Sector - High Growth,tiered,0.0047599999999999995,0.00043,2026-09-03,https://my.hub24.com.au/Hub24/public/documents/documents?id=HUB24_SUPER_20231110_DISC+InvMenu
MLC020,MLC Value Moderate 50 Portfolio,MLC,Multi Sector - Moderately Conservative,tiered,0.00451,0.00029,2026-09-03,https://my.hub24.com.au/Hub24/public/documents/documents?id=HUB24_SUPER_20231110_DISC+InvMenu
IBB031,Morningstar Medalist Core Balanced Portfolio,Morningstar,Multi Sector - Balanced,tiered,0.0047599999999999995,0.00055,2026-09-03,https://my.hub24.com.au/Hub24/public/documents/documents?id=HUB24_SUPER_20231110_DISC+InvMenu
IBB032,Morningstar Medalist Core Growth Portfolio,Morningstar,Multi Sector - Growth,tiered,0.0058,0.00079,2026-09-03,https://my.hub24.com.au/Hub24/public/documents/documents?id=HUB24_SUPER_20231110_DISC+InvMenu
IBB033,Morningstar Medalist Core High Growth Portfolio,Morningstar,Multi Sector - High Growth,tiered,0.00687,0.00083,2026-09-03,https://my.hub24.com.au/Hub24/public/documents/documents?id=HUB24_SUPER_20231110_DISC+InvMenu
IBB030,Morningstar Medalist Core Moderate Portfolio,Morningstar,Multi Sector - Moderately Conservative,tiered,0.00382,0.00035000000000000005,2026-09-03,https://my.hub24.com.au/Hub24/public/documents/documents?id=HUB24_SUPER_20231110_DISC+InvMenu
RUS024,Russell Investments Geared 120 Managed Portfolio,Russell Investments,Multi Sector - High Growth,tiered,0.00768,0.00101,2026-09-03,https://my.hub24.com.au/Hub24/public/documents/documents?id=HUB24_SUPER_20231110_DISC+InvMenu
RUS021,Russell Investments Strategic Index Balanced Managed Portfolio,Russell Investments,Multi Sector - Balanced,tiered,0.00192,0.00010999999999999999,2026-09-03,https://my.hub24.com.au/Hub24/public/documents/documents?id=HUB24_SUPER_20231110_DISC+InvMenu
RUS020,Russell Investments Strategic Index Diversified 50 Managed Portfolio,Russell Investments,Multi Sector - Moderately Conservative,tiered,0.00211,8e-05,2026-09-03,https://my.hub24.com.au/Hub24/public/documents/documents?id=HUB24_SUPER_20231110_DISC+InvMenu
RUS022,Russell Investments Strategic Index Growth Managed Portfolio,Russell Investments,Multi Sector - Growth,tiered,0.0017299999999999998,0.00013,2026-09-03,https://my.hub24.com.au/Hub24/public/documents/documents?id=HUB24_SUPER_20231110_DISC+InvMenu
RUS023,Russell Investments Strategic Index High Growth Managed Portfolio,Russell Investments,Multi Sector - High Growth,tiered,0.00192,0.00017,2026-09-03,https://my.hub24.com.au/Hub24/public/documents/documents?id=HUB24_SUPER_20231110_DISC+InvMenu
AZS033,Sestante Dynamic Aggressive Portfolio,Sestante,Multi Sector - High Growth,tiered,0.00513,0.00099,2026-09-03,https://my.hub24.com.au/Hub24/public/documents/documents?id=HUB24_SUPER_20231110_DISC+InvMenu
AZS032,Sestante Dynamic Assertive Portfolio,Sestante,Multi Sector - Growth,tiered,0.00479,0.0008500000000000001,2026-09-03,https://my.hub24.com.au/Hub24/public/documents/documents?id=HUB24_SUPER_20231110_DISC+InvMenu
AZS031,Sestante Dynamic Balanced Portfolio,Sestante,Multi Sector - Balanced,tiered,0.00484,0.00083,2026-09-03,https://my.hub24.com.au/Hub24/public/documents/documents?id=HUB24_SUPER_20231110_DISC+InvMenu
AZS030,Sestante Dynamic Moderately Conservative Portfolio,Sestante,Multi Sector - Moderately Conservative,tiered,0.00471,0.00082,2026-09-03,https://my.hub24.com.au/Hub24/public/documents/documents?id=HUB24_SUPER_20231110_DISC+InvMenu
SSG011,State Street Balanced ETF Model Portfolio,State Street,Multi Sector - Balanced,tiered,0.00169,0.00042,2026-09-03,https://my.hub24.com.au/Hub24/public/documents/documents?id=HUB24_SUPER_20231110_DISC+InvMenu
SSG012,State Street Growth ETF Model Portfolio,State Street,Multi Sector - Growth,tiered,0.00182,0.00043999999999999996,2026-09-03,https://my.hub24.com.au/Hub24/public/documents/documents?id=HUB24_SUPER_20231110_DISC+InvMenu
SSG013,State Street High Growth ETF Model Portfolio,State Street,Multi Sector - High Growth,tiered,0.00194,0.00045,2026-09-03,https://my.hub24.com.au/Hub24/public/documents/documents?id=HUB24_SUPER_20231110_DISC+InvMenu
SSG010,State Street Moderate ETF Model Portfolio,State Street,Multi Sector - Moderately Conservative,tiered,0.0016200000000000001,0.0004,2026-09-03,https://my.hub24.com.au/Hub24/public/documents/documents?id=HUB24_SUPER_20231110_DISC+InvMenu
VIA005,Vanguard Diversified All Growth Model Portfolio,Vanguard,Multi Sector - High Growth,tiered,0.00185,0.00016,2026-09-03,https://my.hub24.com.au/Hub24/public/documents/documents?id=HUB24_SUPER_20231110_DISC+InvMenu
VIA002,Vanguard Diversified Balanced Model Portfolio,Vanguard,Multi Sector - Balanced,tiered,0.00187,5e-05,2026-09-03,https://my.hub24.com.au/Hub24/public/documents/documents?id=HUB24_SUPER_20231110_DISC+InvMenu
VIA001,Vanguard Diversified Conservative Model Portfolio,Vanguard,Multi Sector - Moderately Conservative,tiered,0.0018599999999999999,4e-05,2026-09-03,https://my.hub24.com.au/Hub24/public/documents/documents?id=HUB24_SUPER_20231110_DISC+InvMenu
VIA003,Vanguard Diversified Growth Model Portfolio,Vanguard,Multi Sector - Growth,tiered,0.0018599999999999999,4e-05,2026-09-03,https://my.hub24.com.au/Hub24/public/documents/documents?id=HUB24_SUPER_20231110_DISC+InvMenu
VIA004,Vanguard Diversified High Growth Model Portfolio,Vanguard,Multi Sector - High Growth,tiered,0.00187,3e-05,2026-09-03,https://my.hub24.com.au/Hub24/public/documents/documents?id=HUB24_SUPER_20231110_DISC+InvMenu
VIA031,Vanguard LIS Core-Satellite All Growth Model Portfolio,Vanguard,Multi Sector - High Growth,tiered,0.00358,0.00049,2026-09-03,https://my.hub24.com.au/Hub24/public/documents/documents?id=HUB24_SUPER_20231110_DISC+InvMenu
VIA028,Vanguard LIS Core-Satellite Balanced Model Portfolio,Vanguard,Multi Sector - Balanced,tiered,0.00311,0.00041,2026-09-03,https://my.hub24.com.au/Hub24/public/documents/documents?id=HUB24_SUPER_20231110_DISC+InvMenu
VIA027,Vanguard LIS Core-Satellite Conservative Model Portfolio,Vanguard,Multi Sector - Moderately Conservative,tiered,0.0028699999999999997,0.00035000000000000005,2026-09-03,https://my.hub24.com.au/Hub24/public/documents/documents?id=HUB24_SUPER_20231110_DISC+InvMenu
VIA029,Vanguard LIS Core-Satellite Growth Model Portfolio,Vanguard,Multi Sector - Growth,tiered,0.00332,0.00041,2026-09-03,https://my.hub24.com.au/Hub24/public/documents/documents?id=HUB24_SUPER_20231110_DISC+InvMenu
VIA030,Vanguard LIS Core-Satellite High Growth Model Portfolio,Vanguard,Multi Sector - High Growth,tiered,0.0034799999999999996,0.00048,2026-09-03,https://my.hub24.com.au/Hub24/public/documents/documents?id=HUB24_SUPER_20231110_DISC+InvMenu
ZEN008,Zenith Dynamic ETF Balanced Portfolio,Zenith,Multi Sector - Balanced,tiered,0.0027700000000000003,0.0009,2026-09-03,https://my.hub24.com.au/Hub24/public/documents/documents?id=HUB24_SUPER_20231110_DISC+InvMenu
ZEN009,Zenith Dynamic ETF Growth Portfolio,Zenith,Multi Sector - Growth,tiered,0.00297,0.0008799999999999999,2026-09-03,https://my.hub24.com.au/Hub24/public/documents/documents?id=HUB24_SUPER_20231110_DISC+InvMenu
ZEN010,Zenith Dynamic ETF High Growth Portfolio,Zenith,Multi Sector - High Growth,tiered,0.00311,0.00073,2026-09-03,https://my.hub24.com.au/Hub24/public/documents/documents?id=HUB24_SUPER_20231110_DISC+InvMenu
ZEN007,Zenith Dynamic ETF Moderate Portfolio,Zenith,Multi Sector - Moderately Conservative,tiered,0.00251,0.00084,2026-09-03,https://my.hub24.com.au/Hub24/public/documents/documents?id=HUB24_SUPER_20231110_DISC+InvMenu
