code,name,category,manager,benchmark,inception,ret_1y,ret_3y,ret_5y,ret_10y,ret_inception,mgmt_fee,perf_fee,underlying_fees,underlying_perf_fees,transaction_costs,total_fee,as_of
ABA002,AB Concentrated Global Growth Equities Portfolio,International Equity,AllianceBernstein Investment Management Australia Limited (MF),MSCI World Ex Australia Index (EANREXAN),2016-07-13,0.0792,0.0031,0.0781,0.0,0.1233,0.007175,0.0,0.000355,0.0,0.000607,0.008137,2024-09-11
AMT001,Armytage Australian Opportunities Portfolio,Australian Large Cap,Armytage Private Pty Ltd (MF),ALL ORDINARIES (TR),2017-06-28,0.1092,0.0418,0.0681,0.0,0.074,0.00615,0.0,0.000709,0.0,0.001019,0.007878,2024-09-11
S&P20,ASX 20 Portfolio,Australian Large Cap,Standard & Poor's,S&P/ASX 20 (TR),2009-09-14,0.1698,0.0816,0.0913,0.072,0.0813,0.001538,0.0,0.000115,0.0,0.000154,0.0018070000000000002,2024-09-11
S&P50,ASX 50 Portfolio,Australian Large Cap,Standard & Poor's,S&P/ASX 50 (TR),2009-12-02,0.1591,0.0784,0.0815,0.0765,0.0798,0.001538,0.0,0.000112,0.0,7.9e-05,0.001729,2024-09-11
ALT001,Atlas Concentrated Australian Equity Portfolio,Australian Large Cap,Atlas Funds Management Pty Ltd,S&P/ASX 200 (TR),2018-07-25,0.129,0.0606,0.0653,0.0,0.0594,0.005125,0.0,0.000198,0.0,0.000282,0.005605000000000001,2024-09-11
AAP001,Ausbil Australian Active Equity Portfolio,Australian Large Cap,Ausbil Investment Management Limited (MF),S&P/ASX 300 (TR),2011-04-20,0.1059,0.0607,0.0927,0.0829,0.0859,0.0082,0.0,5.7e-05,0.0,0.000397,0.008654,2024-09-11
AAP002,Ausbil Australian Emerging Leaders Portfolio,Australian Small and Mid Cap,Ausbil Investment Management Limited (MF),70% Mid Cap 50 Acc Index & 30% Small Ords Acc Index,2011-04-20,0.0745,0.015,0.0771,0.0677,0.0679,0.007688,0.15375,0.000369,0.0,0.001917,0.009974,2024-09-11
RED001,Ausbil Industrials 100 Managed Portfolio,Australian Small and Mid Cap,Ausbil Investment Management Limited (Redpoint),S&P/ASX 100 INDUSTRIALS (TR),2021-07-01,0.238,0.0768,0.0,0.0,0.093,0.004203,0.0,0.000194,0.0,0.000189,0.004586,2024-09-11
AEI001,Australian Ethical Australian Shares Portfolio,Australian Large Cap,Australian Ethical Investment Ltd (MF),S&P/ASX 200 (TR),2020-06-10,0.0979,0.0139,0.0,0.0,0.0857,0.00643,0.0,0.000191,0.0,0.000195,0.006816,2024-09-11
AEQ002,AV Core Satellite Balanced Portfolio,Multi Sector - Balanced,Aequitas Investment Partners Pty Ltd (Ironbark),RBA Cash Rate + 3% Index,2023-09-27,0.0,0.0,0.0,0.0,0.1309,0.00206,0.0,0.002774,2.7e-05,0.000351,0.0051849999999999995,2024-09-11
AEQ003,AV Core Satellite Growth Portfolio,Multi Sector - Growth,Aequitas Investment Partners Pty Ltd (Ironbark),RBA Cash Rate + 4% Index,2023-09-27,0.0,0.0,0.0,0.0,0.1552,0.00206,0.0,0.002892,4e-05,0.000352,0.005304,2024-09-11
AEQ004,AV Core Satellite High Growth Portfolio,Multi Sector - High Growth,Aequitas Investment Partners Pty Ltd (Ironbark),RBA Cash Rate + 5% Index,2023-09-27,0.0,0.0,0.0,0.0,0.1716,0.00206,0.0,0.003046,4.2e-05,0.000361,0.0054670000000000005,2024-09-11
AEQ001,AV Core Satellite Moderate Portfolio,Multi Sector - Moderately Conservative,Aequitas Investment Partners Pty Ltd (Ironbark),RBA Cash Rate + 2% Index,2023-09-27,0.0,0.0,0.0,0.0,0.1094,0.00206,0.0,0.00295,2.4e-05,0.000326,0.0053360000000000005,2024-09-11
AZS007,Azimut Investments High Conviction Global Equities Portfolio,International Equity,AZ Sestante Limited,MSCI World Ex Australia Index (EANREXAN),2022-03-29,0.2364,0.0,0.0,0.0,0.1607,0.007175,0.0,0.000114,0.0,0.00078,0.008069,2024-09-11
BTI001,Banyantree Australian Core Managed Portfolio,Australian Large Cap,Banyan Tree Investment Group Pty Ltd,S&P/ASX 300 (TR),2019-08-07,0.1186,0.0622,0.0919,0.0,0.0902,0.003588,0.0,0.001414,0.0,0.000307,0.0053089999999999995,2024-09-11
BTI003,Banyantree Australian Moderate Growth Portfolio,Multi Sector - Growth,Banyan Tree Investment Group Pty Ltd,Inflation plus 3.5%,2019-08-07,0.0903,0.0085,0.0373,0.0,0.0389,0.003588,0.0,0.009172,0.000281,0.00037,0.013130000000000001,2024-09-11
BTI002,Banyantree Australian Small Companies Managed Portfolio,Australian Small and Mid Cap,Banyan Tree Investment Group Pty Ltd,S&P/ASX SMALL INDUSTRIALS (TR),2019-08-07,0.0604,0.0015,0.0593,0.0,0.0584,0.003588,0.0,0.00253,0.0,0.000272,0.00639,2024-09-11
BIM003,Beanstalk 20 + CASH Portfolio,Australian Large Cap,Beanstalk Investment Management Pty Ltd,S&P/ASX 300 (TR),2012-05-29,-0.0239,0.0142,0.0323,0.043,0.0653,0.009225,0.0,0.0,0.0,0.000316,0.009541000000000001,2024-09-11
BIM004,Beanstalk 20 + SHORT Portfolio,Australian Large Cap,Beanstalk Investment Management Pty Ltd,S&P/ASX 300 (TR),2015-02-03,-0.0356,0.0089,0.0284,0.0,0.037,0.01025,0.0,0.001862,0.0,0.000461,0.012573,2024-09-11
BIM002,Beanstalk 20 Shares Portfolio,Australian Large Cap,Beanstalk Investment Management Pty Ltd,S&P/ASX 300 (TR),2012-05-29,-0.0492,0.0158,0.0318,0.0556,0.0906,0.0082,0.0,0.000576,0.0,0.000474,0.009250000000000001,2024-09-11
BIM001,Beanstalk Investment Portfolio,Multi Sector - Balanced,Beanstalk Investment Management Pty Ltd,Morningstar AUS Balance Tgt Alloc NR AUD,2012-05-29,0.0089,0.0133,0.0478,0.0548,0.0745,0.011648,0.0,0.001614,0.0,0.000443,0.013705,2024-09-11
BEL002,Bellmont Consolidated Equities Portfolio,Australian Small and Mid Cap,Bellmont Securities Pty Ltd,S&P/ASX 200 (TR),2018-06-01,-0.0576,-0.0425,0.057,0.0,0.0785,0.004613,0.205,0.000733,0.0,0.00061,0.005956,2024-09-11
BEL013,Bellmont Diversified - Balanced Portfolio,Multi Sector - Balanced,Bellmont Securities Pty Ltd,Morningstar AUS Growth Tgt Alloc NR AUD,2021-12-14,0.0712,0.0,0.0,0.0,0.0134,0.002727,0.0,0.00732,0.000672,0.000654,0.010701,2024-09-11
BEL011,Bellmont Diversified - Conservative Portfolio,Multi Sector - Conservative,Bellmont Securities Pty Ltd,Morningstar AUS Con Tgt Alloc NR AUD,2021-12-14,0.062,0.0,0.0,0.0,0.0137,0.00287,0.0,0.005722,0.0,0.000602,0.009193999999999999,2024-09-11
BEL014,Bellmont Diversified - Growth Portfolio,Multi Sector - Growth,Bellmont Securities Pty Ltd,Morningstar AUS Agg Tgt Alloc NR AUD,2021-12-14,0.0739,0.0,0.0,0.0,0.0144,0.002665,0.0,0.007864,0.000856,0.000674,0.011203,2024-09-11
BEL015,Bellmont Diversified - High Growth Portfolio,Multi Sector - High Growth,Bellmont Securities Pty Ltd,Morningstar AUS Agg Tgt Alloc NR AUD,2021-12-14,0.0779,0.0,0.0,0.0,0.0164,0.002604,0.0,0.008263,0.000971,0.000678,0.011545,2024-09-11
BEL012,Bellmont Diversified - Moderate Portfolio,Multi Sector - Moderately Conservative,Bellmont Securities Pty Ltd,Morningstar AUS Balance Tgt Alloc NR AUD,2021-12-14,0.0691,0.0,0.0,0.0,0.0141,0.002829,0.0,0.006605,0.000492,0.000633,0.010067,2024-09-11
BE0001,Bennelong Australian Equities Portfolio,Australian Large Cap,Bennelong Funds Management Ltd (MF),S&P/ASX 300 (TR),2009-12-04,0.09,-0.0443,0.0715,0.0883,0.0937,0.006989,0.0,0.000397,0.0,0.000786,0.008172,2024-09-11
BTA006,Betashares Australian Sustainability Leaders Portfolio,Australian Large Cap,BetaShares Capital Ltd (MF),S&P/ASX 300 (TR),2022-11-01,0.1568,0.0,0.0,0.0,0.1491,0.006048,0.0,4.1e-05,0.0,0.00015,0.006239000000000001,2024-09-11
BTA003,Betashares Dynamic Balanced ETF Portfolio,Multi Sector - Balanced,BetaShares Capital Ltd (MF),Morningstar AUS Balance Tgt Alloc NR AUD,2019-05-21,0.108,0.0219,0.0374,0.0,0.0431,0.001948,0.0,0.001886,0.0,0.000323,0.004157,2024-09-11
BTA001,Betashares Dynamic Conservative ETF Portfolio,Multi Sector - Conservative,BetaShares Capital Ltd (MF),Morningstar AUS Con Tgt Alloc NR AUD,2019-05-21,0.0766,-0.0006,0.0097,0.0,0.0162,0.001948,0.0,0.001954,0.0,0.000417,0.004319,2024-09-11
BTA004,Betashares Dynamic Growth ETF Portfolio,Multi Sector - Growth,BetaShares Capital Ltd (MF),Morningstar AUS Growth Tgt Alloc NR AUD,2019-05-21,0.1267,0.0373,0.0546,0.0,0.0599,0.001948,0.0,0.001848,0.0,0.000223,0.004019,2024-09-11
BTA005,Betashares Dynamic High Growth ETF Portfolio,Multi Sector - High Growth,BetaShares Capital Ltd (MF),Morningstar AUS Agg Tgt Alloc NR AUD,2019-05-21,0.1445,0.0565,0.0749,0.0,0.0779,0.001948,0.0,0.001794,0.0,0.000203,0.003945,2024-09-11
BTA002,Betashares Dynamic Moderate ETF Portfolio,Multi Sector - Moderately Conservative,BetaShares Capital Ltd (MF),Morningstar AUS Mod Tgt Alloc NR AUD,2019-05-21,0.091,0.0107,0.0242,0.0,0.0302,0.001948,0.0,0.00191,0.0,0.000381,0.004239000000000001,2024-09-11
BTA007,Betashares Ethical Diversified Balanced Portfolio,Multi Sector - Balanced,BetaShares Capital Ltd (MF),Morningstar AUS Balance Tgt Alloc NR AUD,2022-11-01,0.1109,0.0,0.0,0.0,0.1088,0.001435,0.0,0.00543,0.0,0.000143,0.0070079999999999995,2024-09-11
BTA008,Betashares Ethical Diversified Growth Portfolio,Multi Sector - Growth,BetaShares Capital Ltd (MF),Morningstar AUS Growth Tgt Alloc NR AUD,2022-11-01,0.1354,0.0,0.0,0.0,0.1376,0.001435,0.0,0.005641,0.0,0.000139,0.007215000000000001,2024-09-11
BTA009,Betashares Ethical Diversified High Growth Portfolio,Multi Sector - High Growth,BetaShares Capital Ltd (MF),Morningstar AUS Agg Tgt Alloc NR AUD,2022-11-01,0.1598,0.0,0.0,0.0,0.1667,0.001435,0.0,0.005853,0.0,0.000136,0.007423999999999999,2024-09-11
BTA033,Betashares Strategic Balanced ETF Managed Portfolio,Multi Sector - Balanced,BetaShares Capital Ltd (MF),Inflation plus 3%,2020-10-21,0.1082,0.0315,0.0,0.0,0.0585,0.001435,0.0,0.001883,0.0,0.000107,0.0034249999999999997,2024-09-11
BTA031,Betashares Strategic Conservative ETF Managed Portfolio,Multi Sector - Conservative,BetaShares Capital Ltd (MF),Inflation plus 1%,2020-10-21,0.0764,0.0085,0.0,0.0,0.0206,0.001435,0.0,0.001955,0.0,0.000109,0.0034990000000000004,2024-09-11
BTA034,Betashares Strategic Growth ETF Managed Portfolio,Multi Sector - Growth,BetaShares Capital Ltd (MF),Inflation plus 4%,2020-10-21,0.1275,0.0492,0.0,0.0,0.0853,0.001435,0.0,0.001841,0.0,0.000106,0.0033820000000000005,2024-09-11
BTA035,Betashares Strategic High Growth ETF Managed Portfolio,Multi Sector - High Growth,BetaShares Capital Ltd (MF),Inflation plus 5%,2020-10-21,0.1455,0.0677,0.0,0.0,0.1119,0.001435,0.0,0.001785,0.0,0.000103,0.0033229999999999996,2024-09-11
BTA032,Betashares Strategic Moderate ETF Managed Portfolio,Multi Sector - Moderately Conservative,BetaShares Capital Ltd (MF),Inflation plus 2%,2020-10-21,0.0902,0.0189,0.0,0.0,0.0389,0.001435,0.0,0.001909,0.0,0.000109,0.0034530000000000003,2024-09-11
BLK032,BlackRock Active Multi-Asset Aggressive Portfolio,Multi Sector - High Growth,BlackRock Investment Management (Australia) Limited,Morningstar AUS Agg Tgt Alloc NR AUD,2024-07-30,0.0,0.0,0.0,0.0,0.0317,0.00164,0.0,0.005272,0.000231,0.001163,0.008074999999999999,2024-09-11
BLK030,BlackRock Active Multi-Asset Balanced Portfolio,Multi Sector - Balanced,BlackRock Investment Management (Australia) Limited,Morningstar AUS Balance Tgt Alloc NR AUD,2024-07-30,0.0,0.0,0.0,0.0,0.0232,0.00164,0.0,0.004315,0.00034,0.001027,0.006982,2024-09-11
BLK031,BlackRock Active Multi-Asset Growth Portfolio,Multi Sector - Growth,BlackRock Investment Management (Australia) Limited,Morningstar AUS Growth Tgt Alloc NR AUD,2024-07-30,0.0,0.0,0.0,0.0,0.0265,0.00164,0.0,0.005015,0.000331,0.0011,0.007755000000000001,2024-09-11
BON003,BondAdviser Income Plus Portfolio (Blend),Fixed Income,Bond Adviser Pty Ltd,RBA Cash Rate + 1.5% Index,2023-04-27,0.0683,0.0,0.0,0.0,0.0673,0.002563,0.0,0.004298,2.3e-05,0.000244,0.007105,2024-09-11
BON002,BondAdviser Income Plus Portfolio (Listed Securities),Fixed Income,Bond Adviser Pty Ltd,RBA Cash Rate + 1.5% Index,2016-03-31,0.0652,0.0381,0.0306,0.0,0.0353,0.002563,0.0,0.003052,0.000202,0.000839,0.0064540000000000005,2024-09-11
DNR001,DNR Capital Australian Equities High Conviction Portfolio,Australian Large Cap,DNR Capital Pty Ltd (MF),S&P/ASX 200 (TR),2009-12-14,0.0881,0.0677,0.0926,0.0914,0.0987,0.005638,0.15375,0.00079,0.0,0.00078,0.007208,2024-09-11
DNR002,DNR Capital Australian Equities Income Portfolio,Australian Large Cap,DNR Capital Pty Ltd (MF),S&P/ASX 200 INDUSTRIAL (TR),2009-12-14,0.0866,0.0521,0.072,0.0754,0.0981,0.005638,0.15375,0.000733,0.0,0.000949,0.00732,2024-09-11
DNR003,DNR Capital Australian Equities Socially Responsible Portfolio,Australian Large Cap,DNR Capital Pty Ltd (MF),S&P/ASX 200 (TR),2009-12-14,0.1036,0.0633,0.0894,0.0855,0.0925,0.005638,0.15375,0.000835,0.0,0.000571,0.007044,2024-09-11
DNR004,DNR Capital Australian Listed Property Trust Portfolio,Property and Infrastructure,DNR Capital Pty Ltd (MF),S&P/ASX 200 A-REIT (Sector) (TR),2009-12-14,0.253,0.0736,0.0674,0.0899,0.0985,0.00902,0.0,0.001316,0.0,0.000213,0.010549,2024-09-11
ELP016,Elston Australian Large Companies Portfolio,Australian Large Cap,Elston Asset Management Pty Ltd,S&P/ASX 100 (TR),2012-10-03,0.0798,0.072,0.0854,0.0893,0.1054,0.0041,0.0,0.000669,0.0,0.000949,0.005718000000000001,2024-09-11
ELP001,Elston Growth 30 Portfolio,Multi Sector - Moderately Conservative,Elston Asset Management Pty Ltd,Elston Conservative Composite Benchmark,2012-10-03,0.0738,0.0352,0.0394,0.0458,0.0552,0.0041,0.0,0.004166,5.7e-05,0.000903,0.009169,2024-09-11
ELP004,Elston Growth 50 Portfolio,Multi Sector - Balanced,Elston Asset Management Pty Ltd,Elston Moderate Composite Benchmark,2012-10-03,0.0857,0.0437,0.0524,0.0591,0.071,0.0041,0.0,0.004045,7.6e-05,0.000838,0.008983,2024-09-11
ELP007,Elston Growth 70 Portfolio,Multi Sector - Growth,Elston Asset Management Pty Ltd,Elston Balanced Composite Benchmark,2012-10-03,0.0927,0.0536,0.0656,0.0727,0.0878,0.0041,0.0,0.003368,7.3e-05,0.000869,0.008337,2024-09-11
ELP010,Elston Growth 85 Portfolio,Multi Sector - Growth,Elston Asset Management Pty Ltd,Elston Growth Composite Benchmark,2012-10-03,0.1006,0.0604,0.0757,0.0817,0.0987,0.0041,0.0,0.003181,8.3e-05,0.000838,0.008119,2024-09-11
ELP013,Elston Growth 97 Portfolio,Multi Sector - High Growth,Elston Asset Management Pty Ltd,Elston Aggressive Composite Benchmark,2012-10-03,0.103,0.0653,0.0856,0.0887,0.1065,0.0041,0.0,0.002532,7.1e-05,0.000807,0.007439000000000001,2024-09-11
EFM002,Evergreen Premier Balanced Portfolio,Multi Sector - Balanced,Evergreen Fund Managers Pty Ltd,Morningstar AUS Balance Tgt Alloc NR AUD,2017-10-10,0.0964,0.0247,0.0527,0.0,0.0521,0.002563,0.0,0.007843,0.001449,0.001118,0.011524,2024-09-11
EFM001,Evergreen Premier Conservative Portfolio,Multi Sector - Moderately Conservative,Evergreen Fund Managers Pty Ltd,Morningstar AUS Con Tgt Alloc NR AUD,2017-10-10,0.0815,0.0167,0.0304,0.0,0.034,0.002563,0.0,0.006921,0.000465,0.000747,0.010230999999999999,2024-09-11
EFM003,Evergreen Premier Growth Portfolio,Multi Sector - Growth,Evergreen Fund Managers Pty Ltd,Morningstar AUS Growth Tgt Alloc NR AUD,2017-10-10,0.1094,0.0334,0.0651,0.0,0.0618,0.002563,0.0,0.008875,0.002457,0.001494,0.012932,2024-09-11
FSI001,First Sentier Concentrated Share Portfolio,Australian Large Cap,First Sentier Investors (Australia) IM Ltd,S&P/ASX 300 (TR),2020-06-10,0.1699,0.0251,0.0,0.0,0.0989,0.007175,0.0,0.000432,0.0,0.000388,0.007995,2024-09-11
FSI002,First Sentier Ex-20 Australian Share Portfolio,Australian Small and Mid Cap,First Sentier Investors (Australia) IM Ltd,S&P/ASX 300 (TR) ex the S&P/ASX 20 Leaders,2020-06-10,0.1346,0.006,0.0,0.0,0.0986,0.007688,0.0,0.000805,0.0,0.000386,0.008879,2024-09-11
FRT001,Franklin Concentrated Global Equity ex-Australia Portfolio,International Equity,Franklin Templeton Australia Limited,MSCI World Ex Australia Index (EANREXAN),2017-07-25,0.1841,0.0101,0.1156,0.0,0.1464,0.007175,0.0,0.000521,0.0,0.000487,0.008183,2024-09-11
GAR001,GuardCap Global Equity Portfolio,International Equity,GuardCap Asset Management Limited,MSCI World Ex Australia Index (EANREXAN),2016-11-24,0.0884,0.05,0.0893,0.0,0.1378,0.009225,0.0,0.000649,0.0,0.0003,0.010174,2024-09-11
HYP001,Hyperion ASX 300 Australian Equities Portfolio,Australian Large Cap,Hyperion Asset Management Limited,S&P/ASX 300 (TR),2010-01-18,0.258,0.0067,0.1267,0.1122,0.1033,0.00643,0.15375,0.000353,0.0,0.000236,0.007019,2024-09-11
HYP002,Hyperion Global Growth Equities Portfolio,International Equity,Hyperion Asset Management Limited,MSCI World Ex Australia Index (EANREXAN),2019-05-30,0.209,0.0267,0.1473,0.0,0.1476,0.010148,0.0,0.000271,0.0,0.00095,0.011369,2024-09-11
INR003,Innova Active Balanced Portfolio,Multi Sector - Balanced,Innova Asset Management Pty Ltd,Morningstar AUS Balance Tgt Alloc NR AUD,2016-03-30,0.091,0.0375,0.0559,0.0,0.0577,0.003588,0.0,0.006219,0.000361,0.001258,0.011065,2024-09-11
INR001,Innova Active Conservative Portfolio,Multi Sector - Conservative,Innova Asset Management Pty Ltd,Morningstar AUS Con Tgt Alloc NR AUD,2016-03-30,0.0725,0.0263,0.0319,0.0,0.0363,0.003588,0.0,0.004337,0.000287,0.000919,0.008844,2024-09-11
INR004,Innova Active Growth Portfolio,Multi Sector - Growth,Innova Asset Management Pty Ltd,Morningstar AUS Growth Tgt Alloc NR AUD,2016-03-30,0.0971,0.0397,0.0669,0.0,0.068,0.003588,0.0,0.007116,0.000428,0.001057,0.011761,2024-09-11
INR005,Innova Active High Growth Portfolio,Multi Sector - Growth,Innova Asset Management Pty Ltd,Morningstar AUS Agg Tgt Alloc NR AUD,2016-03-30,0.1004,0.0399,0.073,0.0,0.0743,0.003588,0.0,0.007518,0.00048,0.00095,0.012056,2024-09-11
INR002,Innova Active Moderately Conservative Portfolio,Multi Sector - Moderately Conservative,Innova Asset Management Pty Ltd,Morningstar AUS Mod Tgt Alloc NR AUD,2016-03-30,0.0805,0.0324,0.0438,0.0,0.0462,0.003588,0.0,0.005239,0.000308,0.001089,0.009916,2024-09-11
INR014,Innova Aspiration Portfolio - Flagship,Multi Sector - High Growth,Innova Asset Management Pty Ltd,RBA Cash Rate + 5% Index,2018-10-10,0.0973,0.0407,0.0689,0.0,0.071,0.003588,0.0,0.006763,0.000437,0.001266,0.011616999999999999,2024-09-11
INR011,Innova Aspiration Portfolio - Fundamental,Multi Sector - High Growth,Innova Asset Management Pty Ltd,RBA Cash Rate + 5% Index,2017-09-07,0.1124,0.045,0.069,0.0,0.073,0.003588,0.0,0.003088,0.0,0.001081,0.007757,2024-09-11
INR012,Innova Lifestyle Preservation Portfolio - Flagship,Multi Sector - Moderately Conservative,Innova Asset Management Pty Ltd,RBA Cash Rate + 1.5% Index,2018-10-10,0.0683,0.0237,0.0255,0.0,0.0277,0.003588,0.0,0.003951,0.000129,0.000987,0.008525999999999999,2024-09-11
INR009,Innova Lifestyle Preservation Portfolio - Fundamental,Multi Sector - Conservative,Innova Asset Management Pty Ltd,RBA Cash Rate + 1.5% Index,2017-09-07,0.0725,0.0224,0.0255,0.0,0.0286,0.003588,0.0,0.002831,0.0,0.000687,0.007106,2024-09-11
INR015,Innova Sustainable Future Balanced Portfolio,Multi Sector - Balanced,Innova Asset Management Pty Ltd,RBA Cash Rate + 3% Index,2022-07-19,0.0975,0.0,0.0,0.0,0.0803,0.003588,0.0,0.007675,6.5e-05,0.000992,0.012255,2024-09-11
INR016,Innova Sustainable Future Growth Portfolio,Multi Sector - Growth,Innova Asset Management Pty Ltd,RBA Cash Rate + 4% Index,2022-07-19,0.108,0.0,0.0,0.0,0.0931,0.003588,0.0,0.008609,8.2e-05,0.00105,0.013247,2024-09-11
INR013,Innova Wealth Creation Portfolio - Flagship,Multi Sector - Growth,Innova Asset Management Pty Ltd,RBA Cash Rate + 3% Index,2018-10-10,0.0951,0.0384,0.0543,0.0,0.0577,0.003588,0.0,0.005954,0.000371,0.001023,0.010565,2024-09-11
INR010,Innova Wealth Creation Portfolio - Fundamental,Multi Sector - Balanced,Innova Asset Management Pty Ltd,RBA Cash Rate + 3% Index,2017-09-07,0.1019,0.0391,0.0548,0.0,0.0569,0.003588,0.0,0.003163,0.0,0.000924,0.007675,2024-09-11
FPI003,InvestSense Better World Portfolio 1,Multi Sector - Moderately Conservative,InvestSense Pty Ltd (FPI),Inflation plus 1%,2012-08-02,0.0809,0.0117,0.0269,0.0316,0.0411,0.003075,0.0,0.004852,4e-05,0.00027,0.008197,2024-09-11
FPI004,InvestSense Better World Portfolio 2,Multi Sector - Balanced,InvestSense Pty Ltd (FPI),Inflation plus 2%,2012-08-02,0.0967,0.0167,0.0409,0.0431,0.0534,0.003075,0.0,0.005263,6.2e-05,0.000365,0.008703,2024-09-11
FPI005,InvestSense Better World Portfolio 3,Multi Sector - Growth,InvestSense Pty Ltd (FPI),Inflation plus 3%,2012-08-02,0.1122,0.0238,0.056,0.056,0.0679,0.003075,0.0,0.005529,8.3e-05,0.00045,0.009054000000000001,2024-09-11
FPI006,InvestSense Better World Portfolio 4,Multi Sector - Growth,InvestSense Pty Ltd (FPI),Inflation plus 4%,2012-08-02,0.1234,0.0281,0.0667,0.0649,0.0795,0.003075,0.0,0.005708,9.9e-05,0.000536,0.009319000000000001,2024-09-11
INV002,InvestSense Diversified Portfolio 1,Multi Sector - Moderately Conservative,InvestSense Pty Ltd,Inflation plus 1%,2016-12-21,0.0881,0.0359,0.038,0.0,0.0365,0.003075,0.0,0.00353,0.000485,0.000542,0.007147,2024-09-11
INV003,InvestSense Diversified Portfolio 2,Multi Sector - Balanced,InvestSense Pty Ltd,Inflation plus 2%,2016-12-21,0.1021,0.0408,0.05,0.0,0.0485,0.003075,0.0,0.003874,0.00085,0.000688,0.0076370000000000006,2024-09-11
INV004,InvestSense Diversified Portfolio 3,Multi Sector - Growth,InvestSense Pty Ltd,Inflation plus 3%,2016-12-21,0.1143,0.0454,0.0616,0.0,0.0597,0.003075,0.0,0.003782,0.00122,0.000828,0.007685,2024-09-11
INV005,InvestSense Diversified Portfolio 4,Multi Sector - Growth,InvestSense Pty Ltd,Inflation plus 4%,2016-12-21,0.1233,0.0488,0.0712,0.0,0.0688,0.003075,0.0,0.003954,0.001497,0.000939,0.007968000000000001,2024-09-11
INV006,InvestSense Diversified Portfolio 5,Multi Sector - High Growth,InvestSense Pty Ltd,Inflation plus 5%,2022-12-20,0.1306,0.0,0.0,0.0,0.1328,0.003075,0.0,0.003975,0.001807,0.000635,0.007685000000000001,2024-09-11
FPI017,InvestSense Market Diversifier Portfolio,Multi Sector - Balanced,InvestSense Pty Ltd (FPI),Inflation plus 2%,2015-04-30,0.1118,0.0418,0.0537,0.0,0.0433,0.003075,0.0,0.00353,0.000232,0.000502,0.007107,2024-09-11
BLK005,iShares Enhanced Strategic Aggressive Portfolio,Multi Sector - Growth,BlackRock Investment Management (Australia) Limited,Morningstar AUS Agg Tgt Alloc NR AUD,2017-11-01,0.1393,0.055,0.0764,0.0,0.0796,0.001864,0.0,0.002684,0.0,0.000537,0.005085,2024-09-11
BLK007,iShares Enhanced Strategic All Growth Portfolio,Multi Sector - High Growth,BlackRock Investment Management (Australia) Limited,Morningstar AUS Agg Tgt Alloc NR AUD,2022-11-29,0.1461,0.0,0.0,0.0,0.1383,0.001866,0.0,0.002435,0.0,0.000412,0.004713,2024-09-11
BLK003,iShares Enhanced Strategic Balanced Portfolio,Multi Sector - Balanced,BlackRock Investment Management (Australia) Limited,Morningstar AUS Balance Tgt Alloc NR AUD,2017-11-01,0.105,0.0266,0.0444,0.0,0.0523,0.001864,0.0,0.002481,0.0,0.000648,0.004993,2024-09-11
BLK001,iShares Enhanced Strategic Conservative Portfolio,Multi Sector - Conservative,BlackRock Investment Management (Australia) Limited,Morningstar AUS Con Tgt Alloc NR AUD,2017-11-01,0.0698,-0.0015,0.0117,0.0,0.0253,0.001864,0.0,0.002165,0.0,0.000507,0.004535999999999999,2024-09-11
BLK004,iShares Enhanced Strategic Growth Portfolio,Multi Sector - Growth,BlackRock Investment Management (Australia) Limited,Morningstar AUS Growth Tgt Alloc NR AUD,2017-11-01,0.1254,0.0433,0.0632,0.0,0.0682,0.001864,0.0,0.002607,0.0,0.00068,0.005151,2024-09-11
BLK002,iShares Enhanced Strategic Moderate Portfolio,Multi Sector - Moderately Conservative,BlackRock Investment Management (Australia) Limited,Morningstar AUS Mod Tgt Alloc NR AUD,2017-11-01,0.0837,0.0098,0.0255,0.0,0.0363,0.001864,0.0,0.002296,0.0,0.000613,0.0047729999999999995,2024-09-11
BLK020,iShares ESG Aggressive Portfolio,Multi Sector - High Growth,BlackRock Investment Management (Australia) Limited,Morningstar AUS Agg Tgt Alloc NR AUD,2022-06-28,0.1646,0.0,0.0,0.0,0.1593,0.001538,0.0,0.001502,0.0,0.000396,0.0034360000000000003,2024-09-11
BLK018,iShares ESG Balanced Portfolio,Multi Sector - Balanced,BlackRock Investment Management (Australia) Limited,Morningstar AUS Balance Tgt Alloc NR AUD,2022-06-28,0.1154,0.0,0.0,0.0,0.1044,0.001538,0.0,0.001554,0.0,0.000454,0.003546,2024-09-11
BLK016,iShares ESG Conservative Portfolio,Multi Sector - Conservative,BlackRock Investment Management (Australia) Limited,Morningstar AUS Con Tgt Alloc NR AUD,2022-06-28,0.0682,0.0,0.0,0.0,0.0508,0.001538,0.0,0.002056,0.0,0.000487,0.0040809999999999996,2024-09-11
BLK019,iShares ESG Growth Portfolio,Multi Sector - Growth,BlackRock Investment Management (Australia) Limited,Morningstar AUS Growth Tgt Alloc NR AUD,2022-06-28,0.1421,0.0,0.0,0.0,0.135,0.001538,0.0,0.001655,0.0,0.000426,0.0036190000000000003,2024-09-11
BLK017,iShares ESG Moderate Portfolio,Multi Sector - Moderately Conservative,BlackRock Investment Management (Australia) Limited,Morningstar AUS Mod Tgt Alloc NR AUD,2022-06-28,0.0888,0.0,0.0,0.0,0.0744,0.001538,0.0,0.001865,0.0,0.000469,0.0038719999999999996,2024-09-11
LON001,Lonsec Australian Equity Core Portfolio,Australian Large Cap,Lonsec Investment Solutions Pty Ltd (Equities),S&P/ASX 200 (TR),2010-12-20,0.1589,0.0379,0.0795,0.0761,0.0752,0.005125,0.0,0.000212,0.0,0.000565,0.005902000000000001,2024-09-11
LON002,Lonsec Australian Equity Income Portfolio,Australian Large Cap,Lonsec Investment Solutions Pty Ltd (Equities),S&P/ASX 200 (TR),2010-12-20,0.0911,0.0397,0.0432,0.0419,0.0608,0.005125,0.0,0.000125,0.0,0.000976,0.006226000000000001,2024-09-11
LRP007,Lonsec Managed Portfolio - Listed Balanced,Multi Sector - Balanced,Lonsec Investment Solutions Pty Ltd (Diversified),Morningstar AUS Balance Tgt Alloc NR AUD,2018-11-12,0.1034,0.0203,0.0447,0.0,0.058,0.003075,0.0,0.00244,7e-06,0.000486,0.006001,2024-09-11
LRP013,Lonsec Managed Portfolio - Listed Conservative,Multi Sector - Conservative,Lonsec Investment Solutions Pty Ltd (Diversified),Morningstar AUS Mod Tgt Alloc NR AUD,2021-12-15,0.0869,0.0,0.0,0.0,0.0224,0.003075,0.0,0.002753,6e-06,0.000488,0.0063159999999999996,2024-09-11
LRP008,Lonsec Managed Portfolio - Listed Growth,Multi Sector - Growth,Lonsec Investment Solutions Pty Ltd (Diversified),Morningstar AUS Growth Tgt Alloc NR AUD,2018-11-12,0.1228,0.0308,0.0572,0.0,0.0701,0.003075,0.0,0.002493,9e-06,0.000569,0.006137,2024-09-11
LRP009,Lonsec Managed Portfolio - Listed High Growth,Multi Sector - High Growth,Lonsec Investment Solutions Pty Ltd (Diversified),Morningstar AUS Agg Tgt Alloc NR AUD,2018-11-12,0.1367,0.0386,0.0691,0.0,0.081,0.003075,0.0,0.002761,9e-06,0.000738,0.006574,2024-09-11
LRP004,Lonsec Managed Portfolio - Multi-Asset Balanced,Multi Sector - Balanced,Lonsec Investment Solutions Pty Ltd (Diversified),Morningstar AUS Balance Tgt Alloc NR AUD,2017-03-20,0.1026,0.0336,0.0482,0.0,0.0555,0.003075,0.0,0.008033,0.000593,0.001305,0.012413,2024-09-11
LRP005,Lonsec Managed Portfolio - Multi-Asset Growth,Multi Sector - Growth,Lonsec Investment Solutions Pty Ltd (Diversified),Morningstar AUS Growth Tgt Alloc NR AUD,2017-03-20,0.1083,0.0374,0.0543,0.0,0.0621,0.003075,0.0,0.008866,0.000766,0.000949,0.01289,2024-09-11
LRP006,Lonsec Managed Portfolio - Multi-Asset High Growth,Multi Sector - High Growth,Lonsec Investment Solutions Pty Ltd (Diversified),Morningstar AUS Agg Tgt Alloc NR AUD,2017-03-20,0.1164,0.044,0.0598,0.0,0.0681,0.003075,0.0,0.00927,0.001007,0.000565,0.01291,2024-09-11
LRP002,Lonsec Retirement Managed Portfolio - Balanced,Multi Sector - Balanced,Lonsec Investment Solutions Pty Ltd (Diversified),Morningstar AUS Balance Tgt Alloc NR AUD,2015-11-17,0.0822,0.0385,0.0432,0.0,0.0544,0.003075,0.0,0.007677,1.2e-05,0.000803,0.011555,2024-09-11
LRP001,Lonsec Retirement Managed Portfolio - Conservative,Multi Sector - Moderately Conservative,Lonsec Investment Solutions Pty Ltd (Diversified),Morningstar AUS Mod Tgt Alloc NR AUD,2015-11-17,0.0664,0.0298,0.0312,0.0,0.0412,0.003075,0.0,0.006865,1.6e-05,0.001006,0.010946,2024-09-11
LRP003,Lonsec Retirement Managed Portfolio - Growth,Multi Sector - Growth,Lonsec Investment Solutions Pty Ltd (Diversified),Morningstar AUS Growth Tgt Alloc NR AUD,2015-11-17,0.0893,0.0415,0.0517,0.0,0.0632,0.003075,0.0,0.008626,0.000853,0.000562,0.012263,2024-09-11
LRP010,Lonsec Sustainable Managed Portfolio - Balanced,Multi Sector - Balanced,Lonsec Investment Solutions Pty Ltd (Diversified),Morningstar AUS Balance Tgt Alloc NR AUD,2020-12-09,0.1157,0.0201,0.0,0.0,0.0471,0.003075,0.0,0.006525,9.9e-05,0.001079,0.010679000000000001,2024-09-11
LRP011,Lonsec Sustainable Managed Portfolio - Growth,Multi Sector - Growth,Lonsec Investment Solutions Pty Ltd (Diversified),Morningstar AUS Growth Tgt Alloc NR AUD,2020-12-09,0.1371,0.0289,0.0,0.0,0.0653,0.003075,0.0,0.007213,0.000142,0.001186,0.011474,2024-09-11
LRP012,Lonsec Sustainable Managed Portfolio - High Growth,Multi Sector - High Growth,Lonsec Investment Solutions Pty Ltd (Diversified),Morningstar AUS Agg Tgt Alloc NR AUD,2020-12-09,0.1573,0.0382,0.0,0.0,0.0797,0.003075,0.0,0.007668,0.000181,0.001292,0.012035,2024-09-11
MLC003,MLC Premium Balanced 70 Portfolio,Multi Sector - Balanced,MLC Asset Management Services Limited,Inflation plus 3%,2022-08-16,0.1162,0.0,0.0,0.0,0.0842,0.003178,0.0,0.007365,0.000289,0.000959,0.011502,2024-09-11
MLC001,MLC Premium Conservative 30 Portfolio,Multi Sector - Conservative,MLC Asset Management Services Limited,Inflation plus 1.5%,2022-08-16,0.0917,0.0,0.0,0.0,0.0613,0.003178,0.0,0.005534,0.0,0.000785,0.009496999999999998,2024-09-11
MLC004,MLC Premium Growth 85 Portfolio,Multi Sector - Growth,MLC Asset Management Services Limited,Inflation plus 4%,2022-08-16,0.1285,0.0,0.0,0.0,0.0921,0.003178,0.0,0.008094,0.00041,0.000969,0.012241,2024-09-11
MLC005,MLC Premium High Growth 98 Portfolio,Multi Sector - High Growth,MLC Asset Management Services Limited,Inflation plus 4.5%,2022-08-16,0.1284,0.0,0.0,0.0,0.0918,0.003178,0.0,0.008452,0.00076,0.000995,0.012624999999999999,2024-09-11
MLC002,MLC Premium Moderate 50 Portfolio,Multi Sector - Moderately Conservative,MLC Asset Management Services Limited,Inflation plus 2%,2022-08-16,0.1029,0.0,0.0,0.0,0.0728,0.003178,0.0,0.00622,0.00028,0.000794,0.010192,2024-09-11
MLC008,MLC Value Balanced 70 Portfolio,Multi Sector - Balanced,MLC Asset Management Services Limited,Inflation plus 2.5%,2022-08-16,0.1263,0.0,0.0,0.0,0.0899,0.002665,0.0,0.003999,0.000122,0.00076,0.007424,2024-09-11
MLC006,MLC Value Conservative 30 Portfolio,Multi Sector - Conservative,MLC Asset Management Services Limited,Inflation plus 1.25%,2022-08-16,0.1018,0.0,0.0,0.0,0.0674,0.002665,0.0,0.004345,1.1e-05,0.000709,0.007719,2024-09-11
MLC009,MLC Value Growth 85 Portfolio,Multi Sector - Growth,MLC Asset Management Services Limited,Inflation plus 3.5%,2022-08-16,0.1354,0.0,0.0,0.0,0.0974,0.002665,0.0,0.003959,0.000195,0.000732,0.007356,2024-09-11
MLC010,MLC Value High Growth 98 Portfolio,Multi Sector - High Growth,MLC Asset Management Services Limited,Inflation plus 4%,2022-08-16,0.1397,0.0,0.0,0.0,0.099,0.002665,0.0,0.003881,0.00014,0.000719,0.007265,2024-09-11
MLC007,MLC Value Moderate 50 Portfolio,Multi Sector - Moderately Conservative,MLC Asset Management Services Limited,Inflation plus 1.75%,2022-08-16,0.1634,0.0,0.0,0.0,0.1031,0.002665,0.0,0.004088,1.9e-05,0.000681,0.007434,2024-09-11
IBB014,Morningstar Aggressive Portfolio,Multi Sector - Growth,Morningstar Investment Management Australia Limited,Inflation plus 4%,2021-04-19,0.1192,0.0715,0.0,0.0,0.0732,0.006,0.0,0.002257,0.0,0.000585,0.008842000000000001,2024-09-11
IBB012,Morningstar All Growth Portfolio,Multi Sector - High Growth,Morningstar Investment Management Australia Limited,Morningstar AUS Agg Tgt Alloc NR AUD,2020-01-06,0.1356,0.0783,0.0,0.0,0.073,0.006,0.0,0.002329,0.0,0.000743,0.009072,2024-09-11
MOR002,Morningstar Australian Shares Income Portfolio,Australian Large Cap,Morningstar Investment Management Australia Limited (Equities),S&P/ASX 200 (TR),2011-01-13,0.2012,0.1107,0.0929,0.0722,0.101,0.0041,0.0,0.000606,0.0,0.000396,0.005102,2024-09-11
IBB013,Morningstar Balanced Growth Portfolio,Multi Sector - Balanced,Morningstar Investment Management Australia Limited,Inflation plus 3%,2021-04-19,0.1011,0.0543,0.0,0.0,0.0567,0.0055,0.0,0.002064,0.0,0.000588,0.008152,2024-09-11
IBB008,Morningstar Balanced Portfolio,Multi Sector - Balanced,Morningstar Investment Management Australia Limited,Inflation plus 2.5%,2013-06-12,0.0935,0.0441,0.0473,0.05,0.0541,0.0055,0.0,0.001779,0.0,0.00041,0.007689,2024-09-11
IBB010,Morningstar Conservative Portfolio,Multi Sector - Conservative,Morningstar Investment Management Australia Limited,Inflation plus 0.5%,2013-06-12,0.0689,0.0191,0.0202,0.0256,0.0269,0.005,0.0,0.001523,0.0,0.000417,0.00694,2024-09-11
IBB011,Morningstar Diversified Income Portfolio,Multi Sector - Moderately Conservative,Morningstar Investment Management Australia Limited,Inflation plus 2%,2015-04-10,0.0996,0.0422,0.0448,0.0,0.0398,0.0055,0.0,0.001697,0.0,0.00054,0.007736999999999999,2024-09-11
IBB007,Morningstar Growth Portfolio,Multi Sector - Growth,Morningstar Investment Management Australia Limited,Inflation plus 3.5%,2013-06-12,0.1114,0.0636,0.0668,0.0648,0.0698,0.0055,0.0,0.002129,0.0,0.000613,0.008242,2024-09-11
IBB006,Morningstar High Growth Portfolio,Multi Sector - High Growth,Morningstar Investment Management Australia Limited,Inflation plus 4.5%,2013-06-12,0.1261,0.0786,0.0827,0.0774,0.0828,0.006,0.0,0.002405,0.0,0.00086,0.009264999999999999,2024-09-11
IBB024,Morningstar Medalist Core All Growth Portfolio,Multi Sector - High Growth,Morningstar Investment Management Australia Limited,Morningstar AUS Agg Tgt Alloc NR AUD,2023-03-21,0.141,0.0,0.0,0.0,0.1534,0.002563,0.0,0.006831,0.001786,0.000903,0.010296999999999999,2024-09-11
IBB021,Morningstar Medalist Core Balanced Portfolio,Multi Sector - Balanced,Morningstar Investment Management Australia Limited,Morningstar AUS Balance Tgt Alloc NR AUD,2023-03-21,0.0971,0.0,0.0,0.0,0.0887,0.002563,0.0,0.004878,0.0002,0.000848,0.008289000000000001,2024-09-11
IBB019,Morningstar Medalist Core Conservative Portfolio,Multi Sector - Conservative,Morningstar Investment Management Australia Limited,Morningstar AUS Con Tgt Alloc NR AUD,2023-03-21,0.0635,0.0,0.0,0.0,0.0477,0.002563,0.0,0.003477,0.0,0.000756,0.006796,2024-09-11
IBB022,Morningstar Medalist Core Growth Portfolio,Multi Sector - Growth,Morningstar Investment Management Australia Limited,Morningstar AUS Growth Tgt Alloc NR AUD,2023-03-21,0.1154,0.0,0.0,0.0,0.1136,0.002563,0.0,0.005935,0.000854,0.000864,0.009362,2024-09-11
IBB023,Morningstar Medalist Core High Growth Portfolio,Multi Sector - High Growth,Morningstar Investment Management Australia Limited,Morningstar AUS Agg Tgt Alloc NR AUD,2023-03-21,0.1339,0.0,0.0,0.0,0.1411,0.002563,0.0,0.006875,0.001084,0.000888,0.010326,2024-09-11
IBB020,Morningstar Medalist Core Moderate Portfolio,Multi Sector - Moderately Conservative,Morningstar Investment Management Australia Limited,Morningstar AUS Mod Tgt Alloc NR AUD,2023-03-21,0.0726,0.0,0.0,0.0,0.0611,0.002563,0.0,0.003816,0.0,0.00079,0.007169,2024-09-11
IBB009,Morningstar Moderate Portfolio,Multi Sector - Moderately Conservative,Morningstar Investment Management Australia Limited,Inflation plus 1%,2013-06-12,0.0749,0.0284,0.0311,0.036,0.0396,0.005,0.0,0.001689,0.0,0.000427,0.007116000000000001,2024-09-11
PDL001,Pendal Australian Share Managed Portfolio,Australian Large Cap,Pendal Institutional Limited,S&P/ASX 300 (TR),2019-05-31,0.1291,0.0582,0.0848,0.0,0.0854,0.006048,0.0,0.000458,0.0,0.000441,0.006947,2024-09-11
PER003,Perpetual Direct Australian Equities Responsible Investment Portfolio,Australian Large Cap,Perpetual Trustee Company Limited,S&P/ASX 300 (TR),2024-07-30,0.0,0.0,0.0,0.0,0.0171,0.006253,0.0,7.8e-05,0.0,0.000306,0.006637,2024-09-11
PPM001,PPM Australian Equities Growth Portfolio,Australian Large Cap,Private Portfolio Managers Pty Ltd,ALL ORDINARIES (TR),2018-05-08,0.0883,0.0622,0.0856,0.0,0.0709,0.00615,0.0,0.000426,0.0,0.000591,0.007167000000000001,2024-09-11
PPM002,PPM Global Equities Growth Portfolio,International Equity,Private Portfolio Managers Pty Ltd,MSCI World Ex Australia Index (EANREXAN),2018-05-08,0.2002,0.1615,0.1424,0.0,0.1449,0.008713,0.0,0.000471,0.0,0.0014,0.010584,2024-09-11
QAP001,Quest Australian Equities Concentrated Portfolio,Australian Large Cap,Quest Asset Partners Pty Limited (MF),S&P/ASX 300 (TR),2016-01-06,0.0877,0.0567,0.0983,0.0,0.1041,0.00615,0.15375,0.000788,0.0,0.000944,0.007882,2024-09-11
QCS003^,Quilla Assertive Portfolio,Multi Sector - Growth,Quilla Consulting Pty Ltd,Inflation plus 4%,2014-12-05,0.1277,0.0478,0.0659,0.0,0.067,0.003075,0.0,0.003025,0.0,0.000614,0.0067139999999999995,2024-09-11
QCS001^,Quilla Conservative Income Portfolio,Multi Sector - Moderately Conservative,Quilla Consulting Pty Ltd,Inflation plus 2%,2014-12-05,0.0968,0.0305,0.0304,0.0,0.0396,0.003075,0.0,0.002809,0.0,0.000719,0.006603,2024-09-11
QCS007^,Quilla Enhanced High Growth Portfolio,Multi Sector - High Growth,Quilla Consulting Pty Ltd,Inflation plus 5.5%,2023-03-21,0.102,0.0,0.0,0.0,0.1194,0.003075,0.0,0.012056,0.008996,8.9e-05,0.015220000000000001,2024-09-11
QCS004^,Quilla Income Generator Portfolio,Multi Sector - Moderately Conservative,Quilla Consulting Pty Ltd,Inflation plus 2.5%,2014-12-05,0.0848,0.0433,0.0398,0.0,0.0397,0.003075,0.0,0.008277,0.000813,0.000927,0.012279,2024-09-11
QCS002^,Quilla Moderate Portfolio,Multi Sector - Balanced,Quilla Consulting Pty Ltd,Inflation plus 3%,2014-12-05,0.1077,0.0352,0.0453,0.0,0.0518,0.003075,0.0,0.003089,0.0,0.000753,0.006917,2024-09-11
QCS006^,Quilla Wealth Accelerator Portfolio,Multi Sector - Growth,Quilla Consulting Pty Ltd,Inflation plus 4.5%,2014-12-05,0.0959,0.0489,0.0602,0.0,0.0606,0.003075,0.0,0.009362,0.001769,0.000894,0.013331,2024-09-11
QCS005^,Quilla Wealth Accumulator Portfolio,Multi Sector - Balanced,Quilla Consulting Pty Ltd,Inflation plus 3.5%,2014-12-05,0.09,0.0442,0.0475,0.0,0.0494,0.003075,0.0,0.008855,0.001379,0.000864,0.012794,2024-09-11
RAS004,Ralton Australian Equity ex 50 Portfolio,Australian Small and Mid Cap,Ralton AM Pty Limited,S&P/ASX SMALL ORDINARIES (TR),2009-10-22,-0.0204,-0.0476,0.0063,0.0381,0.0611,0.00792,0.0,0.000773,0.0,0.000923,0.009616,2024-09-11
RAS003,Ralton Concentrated Australian Equity Portfolio,Australian Large Cap,Ralton AM Pty Limited,S&P/ASX 300 (TR),2009-10-22,0.1051,0.0543,0.0621,0.0702,0.0745,0.006989,0.0,0.000834,0.0,0.000971,0.008794,2024-09-11
RAS002,Ralton Dividend Builder Portfolio,Australian Large Cap,Ralton AM Pty Limited,S&P/ASX 300 (TR),2009-10-22,0.0978,0.0489,0.0519,0.0678,0.0769,0.006989,0.0,0.000585,0.0,0.000877,0.008451,2024-09-11
RUS003,Russell Investments Managed Portfolio - Balanced,Multi Sector - Growth,Russell Investment Management Ltd,Morningstar AUS Growth Tgt Alloc NR AUD,2019-07-26,0.1178,0.0387,0.0601,0.0,0.0578,0.002563,0.0,0.004212,9.5e-05,0.000991,0.0077659999999999995,2024-09-11
RUS001,Russell Investments Managed Portfolio - Conservative,Multi Sector - Moderately Conservative,Russell Investment Management Ltd,Morningstar AUS Mod Tgt Alloc NR AUD,2019-07-26,0.0829,0.0156,0.027,0.0,0.027,0.002563,0.0,0.004301,3.4e-05,0.000607,0.007471,2024-09-11
RUS002,Russell Investments Managed Portfolio - Diversified 50,Multi Sector - Balanced,Russell Investment Management Ltd,Morningstar AUS Balance Tgt Alloc NR AUD,2019-07-26,0.1052,0.0315,0.0484,0.0,0.0474,0.002563,0.0,0.004132,3.8e-05,0.000856,0.007551,2024-09-11
RUS004,Russell Investments Managed Portfolio - Growth,Multi Sector - High Growth,Russell Investment Management Ltd,Morningstar AUS Agg Tgt Alloc NR AUD,2019-07-26,0.1411,0.0514,0.0778,0.0,0.0743,0.002563,0.0,0.004366,9.5e-05,0.001198,0.008127,2024-09-11
RUS008,Russell Investments Managed Portfolio - Geared 120,Multi Sector - High Growth,Russell Investment Management Ltd,Morningstar AUS Agg Tgt Alloc NR AUD,2024-05-07,0.0,0.0,0.0,0.0,0.0664,0.0041,0.0,0.008116,0.0,0.000442,0.012658,2024-09-11
RUS007,Russell Investments Managed Portfolio - High Growth,Multi Sector - High Growth,Russell Investment Management Ltd,Morningstar AUS Agg Tgt Alloc NR AUD,2024-05-07,0.0,0.0,0.0,0.0,0.0604,0.002563,0.0,0.003606,0.0,0.000361,0.00653,2024-09-11
RUS005,Russell Investments Sustainable Managed Portfolio - Balanced,Multi Sector - Balanced,Russell Investment Management Ltd,Morningstar AUS Growth Tgt Alloc NR AUD,2022-09-30,0.1334,0.0,0.0,0.0,0.1316,0.003075,0.0,0.004618,0.0,0.001128,0.008821,2024-09-11
RUS009,Russell Investments Sustainable Managed Portfolio - Conservative,Multi Sector - Conservative,Russell Investment Management Ltd,Morningstar AUS Mod Tgt Alloc NR AUD,2024-05-07,0.0,0.0,0.0,0.0,0.0392,0.003075,0.0,0.003801,0.0,0.000327,0.007203,2024-09-11
RUS010,Russell Investments Sustainable Managed Portfolio - Diversified 50,Multi Sector - Moderately Conservative,Russell Investment Management Ltd,Morningstar AUS Balance Tgt Alloc NR AUD,2024-05-07,0.0,0.0,0.0,0.0,0.0478,0.003075,0.0,0.004141,0.0,0.000356,0.007572000000000001,2024-09-11
RUS006,Russell Investments Sustainable Managed Portfolio - Growth,Multi Sector - Growth,Russell Investment Management Ltd,Morningstar AUS Agg Tgt Alloc NR AUD,2022-09-30,0.153,0.0,0.0,0.0,0.1547,0.003075,0.0,0.005143,0.0,0.00126,0.009478,2024-09-11
RUS011,Russell Investments Sustainable Managed Portfolio - High Growth,Multi Sector - High Growth,Russell Investment Management Ltd,Morningstar AUS Agg Tgt Alloc NR AUD,2024-05-07,0.0,0.0,0.0,0.0,0.0685,0.003075,0.0,0.005008,0.0,0.000472,0.008555,2024-09-11
SCH001,Schroder Concentrated Australian Equity Portfolio,Australian Large Cap,Schroder Investment Management Australia Limited (MF),S&P/ASX 200 (TR),2023-11-10,0.0,0.0,0.0,0.0,0.1823,0.006663,0.0,0.001147,0.0,0.000278,0.008088,2024-09-11
AZS020,Sestante Aggressive Index Portfolio,Multi Sector,AZ Sestante Limited (Ironbark),RBA Cash Rate + 4.5% Index,2020-08-06,0.1474,0.0523,0.0,0.0,0.1019,0.001956,0.0,0.001706,0.0,0.000479,0.004141,2024-09-11
AZS018,Sestante Assertive Index Portfolio,Multi Sector,AZ Sestante Limited (Ironbark),RBA Cash Rate + 3% Index,2019-02-07,0.1407,0.0495,0.0704,0.0,0.0824,0.001956,0.0,0.00176,0.0,0.000661,0.004377,2024-09-11
AZS017,Sestante Balanced Index Portfolio,Multi Sector,AZ Sestante Limited (Ironbark),RBA Cash Rate + 2.5% Index,2019-02-07,0.1195,0.0321,0.0518,0.0,0.0643,0.001956,0.0,0.001721,0.0,0.000517,0.004194,2024-09-11
AZS015,Sestante Conservative Index Portfolio,Multi Sector,AZ Sestante Limited (Ironbark),RBA Cash Rate + 1.5% Index,2019-02-07,0.0762,0.0143,0.0201,0.0,0.0277,0.001956,0.0,0.001374,0.0,0.00016,0.0034899999999999996,2024-09-11
AZS019,Sestante Dynamic Aggressive Portfolio,Multi Sector,AZ Sestante Limited (Ironbark),RBA Cash Rate + 5% Index,2020-08-06,0.1491,0.046,0.0,0.0,0.1025,0.001956,0.0,0.005025,0.00081,0.00084,0.007821,2024-09-11
AZS014,Sestante Dynamic Assertive Portfolio,Multi Sector,AZ Sestante Limited (Ironbark),RBA Cash Rate + 4.5% Index,2019-02-07,0.141,0.041,0.0697,0.0,0.079,0.001956,0.0,0.004728,0.000627,0.000897,0.007581000000000001,2024-09-11
AZS013,Sestante Dynamic Balanced Portfolio,Multi Sector,AZ Sestante Limited (Ironbark),RBA Cash Rate + 3.5% Index,2019-02-07,0.122,0.0323,0.0542,0.0,0.0623,0.001956,0.0,0.004567,0.000488,0.00077,0.007292999999999999,2024-09-11
AZS011,Sestante Dynamic Conservative Portfolio,Multi Sector,AZ Sestante Limited (Ironbark),RBA Cash Rate + 2% Index,2019-02-07,0.0854,0.0241,0.0277,0.0,0.0322,0.001956,0.0,0.003525,0.000144,0.00067,0.006151,2024-09-11
AZS012,Sestante Dynamic Moderately Conservative Portfolio,Multi Sector,AZ Sestante Limited (Ironbark),RBA Cash Rate + 2.5% Index,2019-02-07,0.106,0.0274,0.0425,0.0,0.0475,0.001956,0.0,0.004371,0.00035,0.000605,0.006931999999999999,2024-09-11
AZS025,Sestante ESG Focus Dynamic Aggressive Portfolio,Multi Sector - High Growth,AZ Sestante Limited (Ironbark),RBA Cash Rate + 5% Index,2022-06-08,0.1405,0.0,0.0,0.0,0.1045,0.001956,0.0,0.006758,8e-06,0.000364,0.009078,2024-09-11
AZS024,Sestante ESG Focus Dynamic Assertive Portfolio,Multi Sector - Growth,AZ Sestante Limited (Ironbark),RBA Cash Rate + 4.5% Index,2022-06-08,0.1287,0.0,0.0,0.0,0.0998,0.001956,0.0,0.006431,3.5e-05,0.00039,0.008777,2024-09-11
AZS023,Sestante ESG Focus Dynamic Balanced Portfolio,Multi Sector - Balanced,AZ Sestante Limited (Ironbark),RBA Cash Rate + 3.5% Index,2022-06-08,0.1142,0.0,0.0,0.0,0.083,0.001956,0.0,0.006081,2.6e-05,0.000355,0.008391999999999998,2024-09-11
AZS021,Sestante ESG Focus Dynamic Conservative Portfolio,Multi Sector - Conservative,AZ Sestante Limited (Ironbark),RBA Cash Rate + 2% Index,2022-06-08,0.0767,0.0,0.0,0.0,0.0562,0.001956,0.0,0.004448,7e-06,0.00046,0.006864,2024-09-11
AZS022,Sestante ESG Focus Dynamic Moderately Conservative Portfolio,Multi Sector - Moderately Conservative,AZ Sestante Limited (Ironbark),RBA Cash Rate + 2.5% Index,2022-06-08,0.0974,0.0,0.0,0.0,0.0704,0.001956,0.0,0.005561,2.1e-05,0.000349,0.007866,2024-09-11
AZS016,Sestante Moderately Conservative Index Portfolio,Multi Sector,AZ Sestante Limited (Ironbark),RBA Cash Rate + 2% Index,2019-02-07,0.0995,0.0214,0.0365,0.0,0.0481,0.001956,0.0,0.00154,0.0,0.000429,0.003925,2024-09-11
MLL002,SmartShield Balanced Portfolio,Multi Sector - Balanced,Milliman Pty Ltd,Morningstar AUS Balance Tgt Alloc NR AUD,2020-03-03,0.0938,0.0142,0.0,0.0,0.0264,0.003075,0.0,0.001367,0.0,0.000429,0.0048709999999999995,2024-09-11
MLL003,SmartShield Growth Portfolio,Multi Sector - Growth,Milliman Pty Ltd,Morningstar AUS Growth Tgt Alloc NR AUD,2020-03-03,0.1073,0.0251,0.0,0.0,0.0433,0.003075,0.0,0.001267,0.0,0.000435,0.004777,2024-09-11
MLL004,SmartShield High Growth Portfolio,Multi Sector - High Growth,Milliman Pty Ltd,Morningstar AUS Agg Tgt Alloc NR AUD,2020-03-03,0.1266,0.0459,0.0,0.0,0.0774,0.003075,0.0,0.001262,0.0,0.000381,0.004718000000000001,2024-09-11
MLL001,SmartShield Moderate Portfolio,Multi Sector - Moderately Conservative,Milliman Pty Ltd,Morningstar AUS Mod Tgt Alloc NR AUD,2020-03-03,0.078,0.0052,0.0,0.0,0.0115,0.003075,0.0,0.001469,0.0,0.000411,0.004955,2024-09-11
SSG002,State Street Balanced ETF Model Portfolio,Multi Sector - Balanced,State Street Global Advisors Australia Limited (Ironbark),Morningstar AUS Growth Tgt Alloc NR AUD,2020-06-16,0.1178,0.0468,0.0,0.0,0.0828,0.001035,0.0,0.001543,0.0,0.000303,0.002881,2024-09-11
SSG003,State Street Growth ETF Model Portfolio,Multi Sector - Growth,State Street Global Advisors Australia Limited (Ironbark),Morningstar AUS Agg Tgt Alloc NR AUD,2020-06-16,0.1304,0.0542,0.0,0.0,0.0972,0.001035,0.0,0.001733,0.0,0.000324,0.0030919999999999997,2024-09-11
SSG005,State Street High Growth ETF Model Portfolio,Multi Sector - High Growth,State Street Global Advisors Australia Limited (Ironbark),Morningstar AUS Agg Tgt Alloc NR AUD,2024-06-28,0.0,0.0,0.0,0.0,0.0311,0.001035,0.0,0.001854,0.0,0.000317,0.003206,2024-09-11
SSG001,State Street Moderate ETF Model Portfolio,Multi Sector - Moderately Conservative,State Street Global Advisors Australia Limited (Ironbark),Morningstar AUS Balance Tgt Alloc NR AUD,2020-06-16,0.1068,0.0382,0.0,0.0,0.0682,0.001035,0.0,0.001458,0.0,0.000279,0.002772,2024-09-11
SSG004,State Street Target Income ETF Model Portfolio,Multi Sector,State Street Global Advisors Australia Limited (Ironbark),Morningstar AUS Balance Tgt Alloc NR AUD,2020-06-16,0.0865,0.0314,0.0,0.0,0.0572,0.001035,0.0,0.002621,0.0,0.000592,0.004248,2024-09-11
SWE001,Swell Global Portfolio,International Equity,Swell Asset Management Pty Limited,MSCI World Ex Australia Index (EANREXAN),2019-02-12,0.2351,-0.0056,0.0821,0.0,0.1022,0.007688,0.0,0.001313,0.0,0.001285,0.010286,2024-09-11
FPI018,The Bank Portfolio,Australian Large Cap,InvestSense Pty Ltd (FPI),S&P/ASX 300 Banks (Industry Group)  (31-MAR-2000)   (TR),2017-02-07,0.3762,0.1473,0.1225,0.0,0.0936,0.003075,0.0,3.6e-05,0.0,0.000272,0.003383,2024-09-11
VIA011,Vanguard Diversified Balanced Model Portfolio,Multi Sector - Balanced,Vanguard Investments Australia Ltd,Morningstar AUS Balance Tgt Alloc NR AUD,2024-03-08,0.0,0.0,0.0,0.0,0.0378,0.001845,0.0,0.001846,0.0,0.000157,0.003848,2024-09-11
VIA010,Vanguard Diversified Conservative Model Portfolio,Multi Sector - Moderately Conservative,Vanguard Investments Australia Ltd,Morningstar AUS Mod Tgt Alloc NR AUD,2024-03-08,0.0,0.0,0.0,0.0,0.0322,0.001845,0.0,0.001828,0.0,0.000156,0.003829,2024-09-11
VIA012,Vanguard Diversified Growth Model Portfolio,Multi Sector - Growth,Vanguard Investments Australia Ltd,Morningstar AUS Growth Tgt Alloc NR AUD,2024-03-08,0.0,0.0,0.0,0.0,0.043,0.001845,0.0,0.00184,0.0,0.000159,0.0038439999999999998,2024-09-11
VIA013,Vanguard Diversified High Growth Model Portfolio,Multi Sector - High Growth,Vanguard Investments Australia Ltd,Morningstar AUS Agg Tgt Alloc NR AUD,2024-03-08,0.0,0.0,0.0,0.0,0.048,0.001845,0.0,0.001833,0.0,0.00016,0.003838,2024-09-11
WFM001,Watershed Australian Share Portfolio,Australian Large Cap,Watershed Funds Management Pty Ltd,S&P/ASX 200 (TR),2016-07-28,0.0792,0.0749,0.0827,0.0,0.0838,0.00615,0.0,0.000545,0.0,0.000388,0.007083000000000001,2024-09-11
WFM012,Watershed Balanced Portfolio,Multi Sector - Balanced,Watershed Funds Management Pty Ltd,Morningstar AUS Balance Tgt Alloc NR AUD,2019-05-06,0.0949,0.0529,0.0746,0.0,0.074,0.005125,0.0,0.002603,0.0,0.000639,0.008367000000000001,2024-09-11
WFM011,Watershed Conservative Portfolio,Multi Sector - Moderately Conservative,Watershed Funds Management Pty Ltd,Morningstar AUS Con Tgt Alloc NR AUD,2019-05-06,0.088,0.0459,0.0612,0.0,0.0619,0.005125,0.0,0.002653,0.0,0.000501,0.008279,2024-09-11
WFM003,Watershed Emerging Leaders Portfolio,Australian Small and Mid Cap,Watershed Funds Management Pty Ltd,S&P/ASX SMALL ORDINARIES (TR),2016-07-28,0.1153,0.0295,0.0904,0.0,0.0882,0.00615,0.0,0.000486,0.0,0.000457,0.007093,2024-09-11
WFM013,Watershed Growth Portfolio,Multi Sector - Growth,Watershed Funds Management Pty Ltd,Morningstar AUS Growth Tgt Alloc NR AUD,2019-05-06,0.1018,0.0598,0.0868,0.0,0.0852,0.005125,0.0,0.002561,0.0,0.000776,0.008462,2024-09-11
WFM014,Watershed High Growth Portfolio,Multi Sector - High Growth,Watershed Funds Management Pty Ltd,Morningstar AUS Agg Tgt Alloc NR AUD,2021-12-14,0.1036,0.0,0.0,0.0,0.0629,0.005125,0.0,0.002789,0.0,0.000896,0.00881,2024-09-11
WFM002,Watershed Income Portfolio,Fixed Income,Watershed Funds Management Pty Ltd,Bloomberg Bank Bill Index (0+yr) Maturity (SBCBB),2016-07-28,0.0763,0.033,0.032,0.0,0.0406,0.0041,0.0,0.003,3.8e-05,0.000393,0.0074930000000000005,2024-09-11
WFM004,Watershed International Equities Portfolio,International Equity,Watershed Funds Management Pty Ltd,MSCI World Ex Australia Index (EANREXAN),2016-08-11,0.1957,0.0795,0.1317,0.0,0.1435,0.00615,0.0,0.000494,0.0,0.000218,0.006862,2024-09-11
ZEN002,Zenith Elite Blends - Balanced Portfolio,Multi Sector - Balanced,Zenith Investment Partners Pty Ltd,RBA Cash Rate + 3.25% Index,2019-06-28,0.1094,0.0206,0.0406,0.0,0.046,0.002563,0.0,0.008093,0.002945,0.000684,0.01134,2024-09-11
ZEN003,Zenith Elite Blends - Growth Portfolio,Multi Sector - Growth,Zenith Investment Partners Pty Ltd,RBA Cash Rate + 4% Index,2019-06-28,0.1279,0.0291,0.0521,0.0,0.0576,0.002563,0.0,0.009067,0.003923,0.000719,0.012349000000000002,2024-09-11
ZEN001,Zenith Elite Blends - Moderate Portfolio,Multi Sector - Moderately Conservative,Zenith Investment Partners Pty Ltd,RBA Cash Rate + 2.5% Index,2019-06-28,0.0845,0.0162,0.0308,0.0,0.0356,0.002563,0.0,0.007017,0.002075,0.00049,0.010069999999999999,2024-09-11
ZEN004,Zenith Essentials - Balanced Portfolio,Multi Sector - Balanced,Zenith Investment Partners Pty Ltd,RBA Cash Rate + 2.75% Index,2019-06-28,0.116,0.0241,0.0441,0.0,0.0485,0.002563,0.0,0.006915,0.001522,0.000159,0.009637,2024-09-11
ZEN005,Zenith Essentials - Growth Portfolio,Multi Sector - Growth,Zenith Investment Partners Pty Ltd,RBA Cash Rate + 3.5% Index,2019-06-28,0.1319,0.0325,0.0551,0.0,0.0598,0.002563,0.0,0.007546,0.002695,0.000211,0.01032,2024-09-11
ZEN006,Zenith Essentials - Moderate Portfolio,Multi Sector - Moderately Conservative,Zenith Investment Partners Pty Ltd,RBA Cash Rate + 2% Index,2020-10-01,0.0943,0.0205,0.0,0.0,0.0392,0.002563,0.0,0.006214,0.000928,0.000234,0.009011,2024-09-11
ZIM002,Zurich Investments Australian Property Securities Portfolio,Property and Infrastructure,Zurich Investment Management Limited - Property Securities,S&P/ASX 300 A-REIT (Sector) (TR),2010-07-01,0.2638,0.0622,0.0438,0.0788,0.1008,0.007175,0.0,0.000743,0.0,0.000195,0.008113,2024-09-11
