ticker,name,asset_class,sector,region,mer,yield,franking,unit_price,price_date,twin,return_1y,return_3y,return_5y,return_10y,returns_as_at,liquidity,min_tier,max_weight,priority,weight_hint,role,pds_url,notes
EVO4519AU,Victor Smorgon Partners Global Equities Fund,intl_equity,Diversified fund,Global,1.02,0,0,1.022,2026-09-09,QUAL.AX,,,,,,Unlisted (per PDS),established,5,3,2,satellite,https://www.victorsmorgonpartners.com.au/,Concentrated global quality fund held in the Wealth+ Balanced Income model; no established distribution yet. Risk and history shown from the listed twin QUAL.
WHT1117AU,Palisade's Feeder Infrastructure Fund,infrastructure,Infrastructure,Australia,1.2,5.1,0,1.12,2026-08-23,IFRA.AX,,12.75,6.19,,2026-08,Monthly (unlisted),established,5,3,2,satellite,https://www.palisadepartners.com.au/,Unlisted Australian infrastructure (airports and renewables) with a 5.1% income return; from the Wealth+ Balanced Income model. Returns shown are the manager's; day-to-day risk from the listed twin IFRA.
RGL5188AU,Regal Resources Royalties Fund,alternatives,Resource royalties,Australia,1.25,6.0,0,2.22,2026-08-31,GDX.AX,,15.27,21.28,,2026-08,"Quarterly, 90 days notice",high,4,3,2,satellite,https://regalfm.com/,Royalty streams over Australian mining projects; quarterly liquidity. From the Wealth+ Balanced Income model. Volatility shown from the listed twin GDX overstates a royalty fund.
CHN2868AU,Revolution Wholesale Private Debt Fund,credit,Private debt,Australia,0.8,8.5,0,1.0,2026-09-18,QPON.AX,,8.56,7.7,,2026-08,"Quarterly (unlisted, wholesale)",high,5,3,2,satellite,https://www.revolutionam.com.au/,Australian private debt targeting the cash rate plus 4 to 5%; wholesale investors; from the Wealth+ Balanced Income model. Unit price nominal.
ETL2042AU,Partners Group Global Income Fund,credit,Private debt,Global,1.35,8.35,0,1.8417,2026-08-31,IHHY.AX,,8.81,7.05,,2026-08,"Monthly, capped at 5% of NAV",high,4,3,2,satellite,https://www.partnersgroup.com/,Global private debt with monthly income; from the Wealth+ Balanced Income model. Day-to-day risk from the listed twin IHHY.
ETL9987AU,Neuberger Berman Global High Yield Fund,credit,High yield credit,Global,0.85,6.25,0,1.6206,2026-09-17,IHHY.AX,,7.36,2.39,,2026-08,Daily (unlisted unit price),established,5,3,2,satellite,https://www.nb.com/en/au,Global high yield bonds in an unlisted fund with daily unit pricing; from the Wealth+ Balanced Income model.
TD12,"Term deposit, 12 months (HUB24)",cash,Cash,Australia,0,5.2,0,1.0,2026-09-18,,5.2,,,,2026-09,Term (12 months),core,30,2,3,core,https://www.hub24.com.au/,Twelve month term deposit at the rate used in the Wealth+ Balanced Income model (editable in the workbook). No price movement; interest only.
BNT0101AU,Hyperion Small Growth Companies Fund,aus_equity,Small companies,Australia,2.08,0.5,20,1.0,2026-09-30,VSO.AX,,,,,2026-09,Daily (unlisted),established,5,3,2,satellite,https://www.hyperion.com.au/,"Fee 1.25% plus 15% of outperformance, averaging 0.83% a year: about 2.08% all in. FY26 return -34.4%, 42.5 points behind the Small Ordinaries (Oct 2026). From the Investment Guide: concentrated fund of smaller Australian growth companies; 12.4% a year since inception. Fee is approximate (base plus performance fee); unit price nominal. Risk from the listed twin VSO."
ETL1293AU,L1 Capital Catalyst Fund,aus_equity,Diversified fund,Australia,1.99,2.0,50,1.0,2026-09-30,VAS.AX,,,,,2026-09,Daily (unlisted),high,4,3,2,satellite,https://www.l1.com.au/,"Fee 1.28% plus 20.5% of outperformance, averaging 0.71% a year: about 1.99% all in (PDS, Oct 2026). From the Investment Guide: activist Australian share fund of about ten holdings; 13.1% a year since inception. Fee approximate; unit price nominal. Risk from the listed twin VAS."
GSF0874AU,Munro Global Growth Small & Mid Cap Fund,intl_equity,Small companies,Global,2.93,0,0,1.0,2026-09-30,VISM.AX,,,,,2026-09,Daily (unlisted),established,5,3,2,satellite,https://www.munropartners.com.au/,"Fee 1.10% plus 15% of outperformance, averaging 1.83% a year: about 2.93% all in while it is working (Oct 2026). From the Investment Guide: global small and mid cap growth companies; 27.4% a year since inception. Fee approximate (base plus performance fee); unit price nominal. Risk from the listed twin VISM."
WHT1465AU,Plato Global Alpha Fund,intl_equity,Diversified fund,Global,2.41,1.5,0,1.0,2026-09-30,VGS.AX,,,,,2026-09,Daily (unlisted),established,5,3,2,satellite,https://plato.com.au/,"Fee 0.85% plus 15% of outperformance, averaging 1.56% a year: about 2.41% all in; $5.4bn, daily liquidity (Oct 2026). From the Investment Guide: long/short global share fund capturing 66% of market falls; 23.6% a year since inception. Fee approximate; unit price nominal. Risk from the listed twin VGS."
